"","Estimate","Std. Error","t value","Pr(>|t|)"
"(Intercept)",43.0393188734318,3.51816435414199,12.2334588555424,0.000000000000211732088943453
"DrugB_AZD8055",9.62068726892094,3.63354452075,2.64774167867775,0.0126258881201658
"GenotypeB_Control",9.47570011554303,3.63354452075,2.60783927689075,0.0138910756176381
"Concentration_uM",-30.7786507419924,8.24010443964503,-3.73522580538048,0.000758043580074226
"DrugB_AZD8055:GenotypeB_Control",-12.3701222335936,5.1386079407311,-2.40729053009513,0.0222146515152032
