"","Estimate","Std. Error","t value","Pr(>|t|)"
"(Intercept)",62.3562587962986,4.80837326359375,12.968265019778,0.0000000000000462418302398501
"DrugB_Defactinib",23.6235710516561,4.96606655259936,4.75699848188522,0.0000430517716986687
"GenotypeB_Control",-4.51687336222735,4.96606655259936,-0.909547488819518,0.370079004992691
"Concentration_uM",-19.2173607389436,2.81549509122295,-6.82557067808498,0.000000120058658701999
"DrugB_Defactinib:GenotypeB_Control",-20.4904693008392,7.02307867033342,-2.91759074085189,0.00650961077971997
