"","Estimate","Std. Error","t value","Pr(>|t|)"
"(Intercept)",49.7655840243022,3.51816435414199,14.1453266575544,0.00000000000000456571528542094
"DrugB_Dasatinib_AZD8055",2.74943496467266,3.63354452075,0.756681237555098,0.45495355918138
"GenotypeB_CDH1",2.89442211805057,3.63354452075,0.796583639342097,0.431751502559378
"Concentration_uM",-30.7786507419924,8.24010443964503,-3.73522580538048,0.000758043580074226
"DrugB_Dasatinib_AZD8055:GenotypeB_CDH1",-12.3701222335936,5.1386079407311,-2.40729053009513,0.0222146515152032
