"","Estimate","Std. Error","t value","Pr(>|t|)"
"(Intercept)",60.9724871848883,4.80837326359375,12.6804812859553,0.0000000000000833064400392676
"DrugB_Dasatinib_Defactinib",-3.13310175081698,4.96606655259936,-0.630902086718317,0.532728813329445
"GenotypeB_CDH1",25.0073426630665,4.96606655259936,5.03564388398642,0.0000193920472168019
"Concentration_uM",-19.2173607389436,2.81549509122295,-6.82557067808498,0.000000120058658702
"DrugB_Dasatinib_Defactinib:GenotypeB_CDH1",-20.4904693008392,7.02307867033341,-2.91759074085189,0.00650961077971995
