"","Estimate","Std. Error","t value","Pr(>|t|)"
"(Intercept)",62.1160520946379,6.03305359596521,10.2959556229005,0.0000000000158963637560452
"DrugB_Dasatinib_Gefitinib",7.60498581389416,6.23091096105335,1.22052551567974,0.231468802625003
"GenotypeB_CDH1",1.36053553011254,6.23091096105335,0.218352587385158,0.828585494142092
"Concentration_uM",-10.2033558720048,3.53259446664292,-2.88834621928773,0.00700347671952212
"DrugB_Dasatinib_Gefitinib:GenotypeB_CDH1",-12.4567344159097,8.81183878706082,-1.41363621338613,0.167432748302653
