"","Estimate","Std. Error","t value","Pr(>|t|)"
"(Intercept)",58.6248390227349,6.03305359596521,9.7172746918645,0.0000000000632864577887094
"DrugB_Gefitinib",4.85174860201555,6.23091096105335,0.778657989552679,0.442084643128151
"GenotypeB_Control",11.0961988857972,6.23091096105335,1.78083091784726,0.0847425625390161
"Concentration_uM",-10.2033558720048,3.53259446664292,-2.88834621928773,0.00700347671952213
"DrugB_Gefitinib:GenotypeB_Control",-12.4567344159097,8.81183878706082,-1.41363621338613,0.167432748302653
